epoch,train_bce,train_nll,val_nll,raw_val_nll,ema_val_nll,lr,seconds,train_images_seen,val_source
0,0.06827812974906367,53.53005372326591,55.181467429351805,55.181467429351805,55.181467429351805,0.0,0.0,0,initial
1,0.06715394031351263,52.6486892057939,54.655649365043644,54.655649365043644,54.78061007442474,0.0001,118.11831341311336,55000,raw
2,0.06672058628364043,52.3089396463741,54.60506361408233,54.71969517173767,54.60506361408233,0.0001,114.50900126807392,55000,ema
3,0.06647368775606155,52.11537120075226,54.56228734645843,54.7661080165863,54.56228734645843,0.0001,113.87596292607486,55000,ema
4,0.06625163655064323,51.94128305570429,54.58787524337769,54.89233859920502,54.58787524337769,0.0001,113.30069702770561,55000,ema
5,0.0660432120312344,51.777878232487765,54.64934408226013,55.02225391311646,54.64934408226013,0.0001,114.07795532234013,55000,ema
6,0.06583882458968596,51.61763847831379,54.72867575416565,55.10427197933197,54.72867575416565,0.0001,113.21436253935099,55000,ema
7,0.0653942109411413,51.269061377854776,54.83156497116089,55.185246408462525,54.83156497116089,5e-05,113.15422208048403,55000,ema
8,0.06526334378936074,51.166461530858825,54.935897058677675,55.27894971027374,54.935897058677675,5e-05,113.22766268160194,55000,ema
