epoch,train_bce,train_nll,val_bce,val_nll,lr,seconds,train_images_seen
1,0.15087607887441462,118.28684583754107,0.0917969719575376,71.96882601470948,0.0005,39.689466224983335,55000
2,0.0894284370509061,70.11189464791038,0.08729363553718644,68.43821026115417,0.0004998791072896042,39.466171382926404,55000
3,0.08639894564043392,67.7367733821002,0.08546847762769581,67.00728646011352,0.0004995165484649266,39.494308232329786,55000
4,0.08498028016523881,66.62453964954723,0.08431668945575246,66.10428453330994,0.0004989126813277546,39.654825310222805,55000
5,0.08382142808979208,65.71599962239699,0.08349103480650454,65.45697128829956,0.0004980681018220472,39.21140864491463,55000
6,0.08297304058941928,65.05086382210472,0.08227299158670465,64.50202540397645,0.0004969836434458088,39.01991843432188,55000
7,0.08224851208708503,64.48283347627466,0.0817523196312846,64.09381859092713,0.0004956603764285287,38.98634696844965,55000
8,0.0816062406539917,63.9792926727295,0.08138211290787678,63.80357651977539,0.000494099606674993,39.29276571236551,55000
9,0.08100423373309049,63.50731924674294,0.08090194664877288,63.42712617263794,0.0004923028744765144,39.4848970528692,55000
10,0.08044897054650567,63.071992908460444,0.0801476958386752,62.83579353752136,0.0004902719529908509,39.14350956585258,55000
11,0.08005025890523737,62.759402981706096,0.08018432561037492,62.86451127853393,0.00048800884649231245,39.233703336678445,55000
12,0.07969876803809946,62.48383414186998,0.07950469260750985,62.33167900428772,0.0004855157883937851,39.13388576358557,55000
13,0.0794215262835676,62.266476606317006,0.07941477926750573,62.26118694572449,0.0004827952390426214,39.58817700482905,55000
14,0.07916006175279618,62.061488414192205,0.0790263927858703,61.95669194412231,0.00047984988329257517,39.00249729398638,55000
15,0.07885644520087676,61.823453037487376,0.0792739494299402,62.15077635307312,0.00047668262785417466,38.907699537463486,55000
16,0.07863553275411779,61.650257679228346,0.07874866488490787,61.73895326976776,0.00047329659842615,39.179346127435565,55000
17,0.07840671614408493,61.470865456962585,0.07907322497854427,61.99340838317871,0.00046969513661074643,39.37387562356889,55000
18,0.07826892292066054,61.36283556979786,0.0784596837958511,61.51239209594726,0.0004658817966159661,39.41167070902884,55000
19,0.0781104461518201,61.23858978302696,0.07829342011456586,61.38204136981964,0.0004618603417479936,39.46258321404457,55000
20,0.0779467865857211,61.110280683205346,0.0787947024423249,61.77504671478272,0.0004576347406972675,39.418196111917496,55000
21,0.07778779578208923,60.98563189315796,0.0783843171287556,61.453304628944394,0.00045320916362186203,39.38138378318399,55000
22,0.07758438678221269,60.82615923725475,0.07813297511071575,61.256252486801145,0.000448587978032044,39.132931757718325,55000
23,0.0774658197760582,60.73320270442962,0.07806508804340752,61.203029026031494,0.00044377574448006824,39.09758973866701,55000
24,0.077362792235071,60.652429112295664,0.07798237104707835,61.13817890090942,0.0004387772120594625,39.527188431471586,55000
25,0.07721927493268793,60.53991154722734,0.07796209570534375,61.1222830329895,0.00043359731371824575,39.382785273715854,55000
26,0.07711098670417613,60.45501357607408,0.07795327380773973,61.11536666526794,0.000428241161390704,39.77119961194694,55000
27,0.0770049999410456,60.371919953779745,0.07782066170293457,61.01139877510071,0.0004227140409525286,39.34806784335524,55000
28,0.07691684055761858,60.30280299717296,0.07796235458072351,61.122485991287235,0.0004170214070042946,39.545333145186305,55000
29,0.07680815116817301,60.21759051584764,0.07787847008510511,61.05672054672241,0.0004111688774884289,38.7645419863984,55000
30,0.07668274282000281,60.119270370882205,0.07762055898101962,60.854518241119386,0.0004051622281449792,39.28271006420255,55000
31,0.07661266472231258,60.06432914229306,0.07782813529724977,61.01725807304382,0.0003990073868116559,39.14241764973849,55000
32,0.07650317500287836,59.97848920225663,0.07759283918166647,60.83278591842652,0.00039271042757377196,39.48989441245794,55000
33,0.07646759773276068,59.950596622484376,0.0774231734798879,60.69976800823212,0.00038627756476985407,39.219535706564784,55000
34,0.07635040293606844,59.85871590187766,0.0774570159191988,60.72630048065186,0.0003797151468588409,39.56873139273375,55000
35,0.07622390045469457,59.75953795648054,0.07757552428975398,60.819211043167115,0.0003730296501549201,39.377855060622096,55000
36,0.07615481516773051,59.70537509150072,0.07750666968627852,60.765229034042356,0.0003662276724361888,39.236163739115,55000
37,0.07607592309713364,59.64352370815277,0.07752711697403265,60.7812597076416,0.0003593159264334427,38.800507651641965,55000
38,0.0760149509971792,59.59572158178849,0.07777719763274095,60.97732294406891,0.00035230123320552115,39.249308025464416,55000
39,0.07591935307004236,59.52077280691321,0.07760858154345532,60.84512793006897,0.0003451905154077461,39.38471774291247,55000
40,0.07587297507849607,59.48441246154091,0.07741932909367036,60.69675400943756,0.0003379907904600964,39.396110309287906,55000
41,0.07573811693083156,59.378683673771945,0.07743944719129679,60.712526597976684,0.0003307091636218621,39.29483542125672,55000
42,0.07568231244303963,59.33493295534307,0.07734164077603087,60.6358463684082,0.0003233528209796112,39.42143009696156,55000
43,0.07564338313991373,59.304412381692366,0.07738492150768941,60.6697784620285,0.00031592902235538935,38.57237927801907,55000
44,0.07551696110855449,59.20529750910672,0.07729661853070162,60.60054892807007,0.0003084450941421529,39.27587412111461,55000
45,0.07545619197975506,59.15765451212797,0.07723657501668346,60.55347481307983,0.0003009084220735025,39.234740977175534,55000
46,0.07540775877128948,59.11968287669095,0.07731121697863753,60.61199411125183,0.00029332644393485654,39.299294259399176,55000
47,0.07532471369288185,59.05457553521937,0.07751952323232378,60.77530621414184,0.00028570664222325455,39.26538443751633,55000
48,0.07525366685065356,58.99887481091239,0.07734874672451798,60.641417432022095,0.000278056536763036,39.319248733110726,55000
49,0.07518523424105211,58.94522364498486,0.0773686839254535,60.65704819755554,0.0002703836772846818,39.42086269520223,55000
50,0.07511691892580552,58.89166443783153,0.07747216817237894,60.738179847145084,0.0002626956359741414,39.43973181862384,55000
51,0.07502177782817321,58.81707381728779,0.07727028201575181,60.579901100349424,0.00025499999999999996,39.32332157064229,55000
52,0.07496647969592701,58.773720081606776,0.07735985131993585,60.65012343482971,0.0002473043640258585,39.34273112565279,55000
53,0.07492059568925337,58.73774702037464,0.0773300377909018,60.62674962806702,0.00023961632271531815,39.21746637765318,55000
54,0.0748343880219893,58.67016020923961,0.0774676225530858,60.734616081619265,0.0002319434632369639,39.24924625642598,55000
55,0.07477713246020404,58.62527184879997,0.07733512194862172,60.63073560771942,0.00022429335777674538,39.372826154343784,55000
56,0.07473157153021205,58.58955207968625,0.07728435901914324,60.5909374710083,0.00021667355606514333,39.22974698152393,55000
57,0.07464303009835156,58.520135597107625,0.0773591572647192,60.64957929553986,0.00020909157792649738,38.884607947431505,55000
58,0.07459996990507299,58.486376405577225,0.07747875835919867,60.74334655361176,0.00020155490585784707,39.19823483750224,55000
59,0.07451515926231038,58.41988486165134,0.07730463273160312,60.606832061576846,0.0001940709776446105,39.38171361666173,55000
60,0.07446777448220686,58.38273519405018,0.07735913466823345,60.64956157989502,0.00018664717902038878,39.137127075344324,55000
61,0.07441026720675555,58.33764949009635,0.07747147767324837,60.73763849582672,0.0001792908363781379,39.158539198338985,55000
62,0.07433934082551436,58.28204320720325,0.07742513545216347,60.701306194496155,0.00017200920953990356,39.330078234896064,55000
63,0.07426745193871585,58.22568231995323,0.0773240714477033,60.62207201499939,0.0001648094845922539,38.9517721189186,55000
64,0.07422678404829719,58.193798693865,0.0773928649603104,60.67600612888336,0.00015769876679447867,39.3184877615422,55000
65,0.07416491062207656,58.14528992770802,0.07738532148964551,60.67009204788208,0.00015068407356655714,39.51750470325351,55000
66,0.07412149684754285,58.1112535284736,0.07738694240000783,60.67136284160614,0.000143772327563811,39.12033431138843,55000
67,0.07406458274884657,58.06663287509571,0.0774158503311021,60.69402665958405,0.00013697034984507968,39.26871174015105,55000
68,0.07400065740238536,58.01651540347012,0.07738381228909201,60.668908834648136,0.000130284853141159,39.16215818282217,55000
69,0.07395168114033612,57.97811801402352,0.07751330831002216,60.77043371505737,0.00012372243523014575,38.94601054303348,55000
70,0.07388210688829422,57.923571800422664,0.0774568147068121,60.72614273014069,0.00011728957242622797,38.76932990178466,55000
71,0.07384786046960137,57.89672260816748,0.07754757379512398,60.797297855377195,0.0001109926131883441,38.8708491390571,55000
72,0.07379663143699819,57.85655904660658,0.07749052710533143,60.752573250579836,0.00010483777185502073,39.133430442772806,55000
73,0.07374603532986207,57.81689169861186,0.07751509952885764,60.77183803062439,9.883112251157101e-05,39.288528132252395,55000
74,0.07368634736754677,57.77009633615667,0.07744715106681901,60.718566436386105,9.297859299570533e-05,39.30790894199163,55000
75,0.07364523236968301,57.73786217783148,0.07745159027722417,60.72204677734375,8.728595904747127e-05,39.21757116820663,55000
76,0.07360496776212345,57.70629472550479,0.07749955637552301,60.75965219841004,8.175883860929588e-05,39.2998514873907,55000
77,0.07356100552190434,57.671828329173,0.0775057820388249,60.76453311843872,7.640268628175424e-05,39.21247273683548,55000
78,0.07351507430726832,57.63581825689836,0.07748222408489305,60.746063682556155,7.12227879405374e-05,39.40727648139,55000
79,0.07347812990708785,57.60685384715688,0.07749561053709109,60.75655866107941,6.622425551993166e-05,39.32498280610889,55000
80,0.07343026912320744,57.56933099259463,0.07756870427301951,60.8138641500473,6.141202196795586e-05,39.22208958398551,55000
81,0.07340375489863482,57.5485438405297,0.07754770631157623,60.79740174827576,5.679083637813791e-05,39.128696609288454,55000
82,0.07335412343090231,57.509632769827405,0.07759754799507103,60.83647762813568,5.236525930273238e-05,39.352330243214965,55000
83,0.07331964885863392,57.48260470516899,0.07756669212409428,60.812286625289914,4.8139658252006364e-05,39.189114060252905,55000
84,0.0732825212337754,57.45349664727992,0.07758357130313406,60.8255199016571,4.411820338403378e-05,38.61268891207874,55000
85,0.07326259087107398,57.437871242922,0.07755426497727025,60.80254374217987,4.030486338925343e-05,39.07398426998407,55000
86,0.07322512648322366,57.40849916284735,0.07761280271593406,60.848437329292295,3.67034015738499e-05,39.1246311981231,55000
87,0.07319196372032166,57.382499556732185,0.07762421448984924,60.85738416004181,3.3317372145825264e-05,39.103723655454814,55000
88,0.07316766385381872,57.36344846139387,0.07758671058756965,60.827981100654604,3.0150116707424684e-05,39.29200836457312,55000
89,0.07314481388222087,57.345534083661164,0.07762198637675266,60.85563731937408,2.7204760957378428e-05,39.18196517135948,55000
90,0.07311721700213172,57.32389812967127,0.07762171276929428,60.85542281112671,2.4484211606214774e-05,39.162012450397015,55000
91,0.07309840482690118,57.30914938429052,0.07762264221979648,60.856151500320436,2.1991153507687393e-05,39.18531231209636,55000
92,0.0730769625804641,57.292338663083854,0.07762250210679307,60.85604165172577,1.9728047009148983e-05,38.60035050474107,55000
93,0.07305862640467557,57.27796310126565,0.0776388167451839,60.86883232822418,1.769712552348542e-05,39.69294075947255,55000
94,0.07304352385781028,57.26612270452326,0.07766342773413171,60.88812734355926,1.590039332500691e-05,39.21557981427759,55000
95,0.07302953614863482,57.255156340529695,0.07764842239739944,60.87636315956116,1.4339623571471266e-05,39.2973441882059,55000
96,0.07301468911929564,57.24351626952778,0.0776483046998783,60.87627088470459,1.3016356554191276e-05,39.03103850223124,55000
97,0.07300317506898533,57.2344892540845,0.07767247275016746,60.89521863613129,1.193189817795295e-05,39.478168218396604,55000
98,0.07299368114471436,57.227046017456054,0.07766890638166545,60.89242260322571,1.1087318672245402e-05,38.755071830004454,55000
99,0.0729876598238945,57.22232530193329,0.07767735525077703,60.89904651660919,1.0483451535073469e-05,38.948393108323216,55000
100,0.07298062353676016,57.216808852819966,0.07766516531462572,60.889489606666565,1.0120892710395758e-05,39.20849234983325,55000
